{"id": 0.1777419151972138, "radius_mean": 0.9978552814938109, "texture_mean": 0.912044588840421, "perimeter_mean": 0.9978552814938109, "area_mean": 0.9873571700566127, "smoothness_mean": 0.8053241954943627, "compactness_mean": 0.8831206701772507, "concavity_mean": 0.9213910263788588, "concave points_mean": 0.9213910263788588, "symmetry_mean": 0.6998257976437302, "fractal_dimension_mean": 0.7672967792384361, "radius_se": 0.9727936770160764, "texture_se": 0.41162068019753933, "perimeter_se": 0.9727936770160764, "area_se": 0.951830112110991, "smoothness_se": 0.4273742067231582, "compactness_se": 0.8032688176617679, "concavity_se": 0.8012683427383291, "concave points_se": 0.7718039949238469, "symmetry_se": 0.44913654239342854, "fractal_dimension_se": 0.8032688176617679, "radius_worst": 0.993707916102949, "texture_worst": 0.912044588840421, "perimeter_worst": 0.993707916102949, "area_worst": 0.9840145644590742, "smoothness_worst": 0.8053241954943627, "compactness_worst": 0.8922608987764685, "concavity_worst": 0.8922608987764685, "concave points_worst": 0.9101553142985918, "symmetry_worst": 0.6998257976437302, "fractal_dimension_worst": 0.8104548563116117, "Unnamed: 32": NaN}